{"precision": 0.0392156862745098, "recall": 0.004685212298682284, "f1": 0.008370389746272562, "_timestamp": 1696180432.3434813, "_runtime": 13.059527397155762, "_step": 0, "_wandb": {"runtime": 12}}