{"precision": 0.0392156862745098, "recall": 0.004685212298682284, "f1": 0.008370389746272562, "_timestamp": 1696180628.0578754, "_runtime": 17.827067375183105, "_step": 0, "_wandb": {"runtime": 17}}