{"precision": 0.15384615384615385, "recall": 0.0017569546120058566, "f1": 0.0034742327735958305, "_timestamp": 1696181038.9475727, "_runtime": 35.7291157245636, "_step": 9, "_wandb": {"runtime": 35}}