{"precision": 0, "recall": 0, "f1": 0, "_timestamp": 1696186127.0315094, "_runtime": 331.40603041648865, "_step": 179, "_wandb": {"runtime": 334}}