{"precision": 0.15384615384615385, "recall": 0.0017569546120058566, "f1": 0.0034742327735958305, "_timestamp": 1696180840.6661797, "_runtime": 41.37401270866394, "_step": 9, "_wandb": {"runtime": 41}}